IC112255;nugo;keles
IT913284;dominik;banach
XO987652;Johnny;Depp
IT912839;Mahmoud;Abdulbasat
CS610484;Nikola;Stankovic
IT071139;Lisa;Meitner
CS719452;Max;Mustermann
GH639173;mario;m端ller
ER910284;Franz;M端ller
PM846203;Rafael;Bueno
AB889955;Nina;Bauer
IC123456;Mohamed;Salah
IC536725;Tony;M端ller
FX123456;Reiner;Spring
HV987654;Reiner;Summer
BC246813;Erika;Autumn
QW135792;Max;Winter
YZ864209;Nina;Fritz
PT753184;Leo;Bauer
LK619238;Sophie;Kalcher
RT408729;David;Fink
MD297186;Lena;Mayer
XN506731;Paul;Kuschel
GJ674920;Julia;Gr端n
FS189236;Alex;Sieben